POSTCODE_2017,RA_NAME_2016
0800,Outer Regional Australia
0810,Outer Regional Australia
0812,Outer Regional Australia
0815,Outer Regional Australia
0820,Outer Regional Australia
0822,Outer Regional Australia
0822,Remote Australia
0822,Very Remote Australia
0828,Outer Regional Australia
0829,Outer Regional Australia
0830,Outer Regional Australia
0832,Outer Regional Australia
0834,Outer Regional Australia
0835,Outer Regional Australia
0836,Outer Regional Australia
0837,Outer Regional Australia
0838,Outer Regional Australia
0839,Outer Regional Australia
0840,Remote Australia
0841,Outer Regional Australia
0845,Remote Australia
0846,Remote Australia
0847,Remote Australia
0850,Remote Australia
0852,Remote Australia
0852,Very Remote Australia
0853,Remote Australia
0854,Very Remote Australia
0860,Very Remote Australia
0862,Very Remote Australia
0870,Remote Australia
0872,Very Remote Australia
0872,Very Remote Australia
0872,Remote Australia
0872,Very Remote Australia
0873,Remote Australia
0874,Remote Australia
0875,Remote Australia
0880,Very Remote Australia
0885,Very Remote Australia
0886,Remote Australia
2000,Major Cities of Australia
2006,Major Cities of Australia
2007,Major Cities of Australia
2008,Major Cities of Australia
2009,Major Cities of Australia
2010,Major Cities of Australia
2011,Major Cities of Australia
2015,Major Cities of Australia
2016,Major Cities of Australia
2017,Major Cities of Australia
2018,Major Cities of Australia
2019,Major Cities of Australia
2020,Major Cities of Australia
2021,Major Cities of Australia
2022,Major Cities of Australia
2023,Major Cities of Australia
2024,Major Cities of Australia
2025,Major Cities of Australia
2026,Major Cities of Australia
2027,Major Cities of Australia
2028,Major Cities of Australia
2029,Major Cities of Australia
2030,Major Cities of Australia
2031,Major Cities of Australia
2032,Major Cities of Australia
2033,Major Cities of Australia
2034,Major Cities of Australia
2035,Major Cities of Australia
2036,Major Cities of Australia
2037,Major Cities of Australia
2038,Major Cities of Australia
2039,Major Cities of Australia
2040,Major Cities of Australia
2041,Major Cities of Australia
2042,Major Cities of Australia
2043,Major Cities of Australia
2044,Major Cities of Australia
2045,Major Cities of Australia
2046,Major Cities of Australia
2047,Major Cities of Australia
2048,Major Cities of Australia
2049,Major Cities of Australia
2050,Major Cities of Australia
2052,Major Cities of Australia
2060,Major Cities of Australia
2061,Major Cities of Australia
2062,Major Cities of Australia
2063,Major Cities of Australia
2064,Major Cities of Australia
2065,Major Cities of Australia
2066,Major Cities of Australia
2067,Major Cities of Australia
2068,Major Cities of Australia
2069,Major Cities of Australia
2070,Major Cities of Australia
2071,Major Cities of Australia
2072,Major Cities of Australia
2073,Major Cities of Australia
2074,Major Cities of Australia
2075,Major Cities of Australia
2076,Major Cities of Australia
2077,Major Cities of Australia
2079,Major Cities of Australia
2080,Major Cities of Australia
2081,Major Cities of Australia
2081,Inner Regional Australia
2082,Major Cities of Australia
2082,Inner Regional Australia
2083,Inner Regional Australia
2084,Major Cities of Australia
2084,Inner Regional Australia
2085,Major Cities of Australia
2086,Major Cities of Australia
2087,Major Cities of Australia
2088,Major Cities of Australia
2089,Major Cities of Australia
2090,Major Cities of Australia
2091,Major Cities of Australia
2092,Major Cities of Australia
2093,Major Cities of Australia
2094,Major Cities of Australia
2095,Major Cities of Australia
2096,Major Cities of Australia
2097,Major Cities of Australia
2099,Major Cities of Australia
2100,Major Cities of Australia
2101,Major Cities of Australia
2102,Major Cities of Australia
2103,Major Cities of Australia
2104,Major Cities of Australia
2105,Major Cities of Australia
2105,Inner Regional Australia
2106,Major Cities of Australia
2107,Major Cities of Australia
2108,Major Cities of Australia
2108,Inner Regional Australia
2109,Major Cities of Australia
2110,Major Cities of Australia
2111,Major Cities of Australia
2112,Major Cities of Australia
2113,Major Cities of Australia
2114,Major Cities of Australia
2115,Major Cities of Australia
2116,Major Cities of Australia
2117,Major Cities of Australia
2118,Major Cities of Australia
2119,Major Cities of Australia
2120,Major Cities of Australia
2121,Major Cities of Australia
2122,Major Cities of Australia
2123,Major Cities of Australia
2125,Major Cities of Australia
2126,Major Cities of Australia
2127,Major Cities of Australia
2128,Major Cities of Australia
2129,Major Cities of Australia
2130,Major Cities of Australia
2131,Major Cities of Australia
2132,Major Cities of Australia
2133,Major Cities of Australia
2134,Major Cities of Australia
2135,Major Cities of Australia
2136,Major Cities of Australia
2137,Major Cities of Australia
2138,Major Cities of Australia
2139,Major Cities of Australia
2140,Major Cities of Australia
2141,Major Cities of Australia
2142,Major Cities of Australia
2143,Major Cities of Australia
2144,Major Cities of Australia
2145,Major Cities of Australia
2146,Major Cities of Australia
2147,Major Cities of Australia
2148,Major Cities of Australia
2150,Major Cities of Australia
2151,Major Cities of Australia
2152,Major Cities of Australia
2153,Major Cities of Australia
2154,Major Cities of Australia
2155,Major Cities of Australia
2156,Major Cities of Australia
2156,Inner Regional Australia
2157,Inner Regional Australia
2158,Major Cities of Australia
2158,Inner Regional Australia
2159,Major Cities of Australia
2159,Inner Regional Australia
2160,Major Cities of Australia
2161,Major Cities of Australia
2162,Major Cities of Australia
2163,Major Cities of Australia
2164,Major Cities of Australia
2165,Major Cities of Australia
2166,Major Cities of Australia
2167,Major Cities of Australia
2168,Major Cities of Australia
2170,Major Cities of Australia
2171,Major Cities of Australia
2172,Major Cities of Australia
2173,Major Cities of Australia
2174,Major Cities of Australia
2175,Major Cities of Australia
2176,Major Cities of Australia
2177,Major Cities of Australia
2178,Major Cities of Australia
2179,Major Cities of Australia
2190,Major Cities of Australia
2191,Major Cities of Australia
2192,Major Cities of Australia
2193,Major Cities of Australia
2194,Major Cities of Australia
2195,Major Cities of Australia
2196,Major Cities of Australia
2197,Major Cities of Australia
2198,Major Cities of Australia
2199,Major Cities of Australia
2200,Major Cities of Australia
2203,Major Cities of Australia
2204,Major Cities of Australia
2205,Major Cities of Australia
2206,Major Cities of Australia
2207,Major Cities of Australia
2208,Major Cities of Australia
2209,Major Cities of Australia
2210,Major Cities of Australia
2211,Major Cities of Australia
2212,Major Cities of Australia
2213,Major Cities of Australia
2214,Major Cities of Australia
2216,Major Cities of Australia
2217,Major Cities of Australia
2218,Major Cities of Australia
2219,Major Cities of Australia
2220,Major Cities of Australia
2221,Major Cities of Australia
2222,Major Cities of Australia
2223,Major Cities of Australia
2224,Major Cities of Australia
2225,Major Cities of Australia
2226,Major Cities of Australia
2227,Major Cities of Australia
2228,Major Cities of Australia
2229,Major Cities of Australia
2230,Major Cities of Australia
2230,Inner Regional Australia
2231,Major Cities of Australia
2232,Major Cities of Australia
2232,Inner Regional Australia
2233,Major Cities of Australia
2233,Inner Regional Australia
2234,Major Cities of Australia
2250,Major Cities of Australia
2250,Inner Regional Australia
2251,Major Cities of Australia
2256,Major Cities of Australia
2256,Inner Regional Australia
2257,Major Cities of Australia
2258,Major Cities of Australia
2258,Inner Regional Australia
2259,Major Cities of Australia
2259,Inner Regional Australia
2260,Major Cities of Australia
2261,Major Cities of Australia
2262,Major Cities of Australia
2263,Major Cities of Australia
2264,Major Cities of Australia
2264,Inner Regional Australia
2265,Major Cities of Australia
2265,Inner Regional Australia
2267,Major Cities of Australia
2278,Major Cities of Australia
2280,Major Cities of Australia
2281,Major Cities of Australia
2281,Inner Regional Australia
2282,Major Cities of Australia
2283,Major Cities of Australia
2284,Major Cities of Australia
2285,Major Cities of Australia
2286,Major Cities of Australia
2287,Major Cities of Australia
2289,Major Cities of Australia
2290,Major Cities of Australia
2291,Major Cities of Australia
2292,Major Cities of Australia
2293,Major Cities of Australia
2294,Major Cities of Australia
2295,Major Cities of Australia
2296,Major Cities of Australia
2297,Major Cities of Australia
2298,Major Cities of Australia
2299,Major Cities of Australia
2300,Major Cities of Australia
2302,Major Cities of Australia
2303,Major Cities of Australia
2304,Major Cities of Australia
2305,Major Cities of Australia
2306,Major Cities of Australia
2307,Major Cities of Australia
2308,Major Cities of Australia
2311,Inner Regional Australia
2311,Outer Regional Australia
2312,Inner Regional Australia
2314,Inner Regional Australia
2315,Inner Regional Australia
2316,Inner Regional Australia
2317,Inner Regional Australia
2318,Major Cities of Australia
2318,Inner Regional Australia
2319,Inner Regional Australia
2320,Major Cities of Australia
2320,Inner Regional Australia
2321,Major Cities of Australia
2321,Inner Regional Australia
2322,Major Cities of Australia
2322,Inner Regional Australia
2323,Major Cities of Australia
2323,Inner Regional Australia
2324,Major Cities of Australia
2324,Inner Regional Australia
2325,Major Cities of Australia
2325,Inner Regional Australia
2325,Outer Regional Australia
2326,Major Cities of Australia
2326,Inner Regional Australia
2327,Major Cities of Australia
2328,Inner Regional Australia
2328,Outer Regional Australia
2329,Outer Regional Australia
2330,Inner Regional Australia
2330,Outer Regional Australia
2331,Inner Regional Australia
2333,Inner Regional Australia
2333,Outer Regional Australia
2334,Inner Regional Australia
2335,Inner Regional Australia
2336,Inner Regional Australia
2336,Outer Regional Australia
2337,Inner Regional Australia
2337,Outer Regional Australia
2338,Outer Regional Australia
2339,Outer Regional Australia
2340,Inner Regional Australia
2340,Outer Regional Australia
2341,Inner Regional Australia
2341,Outer Regional Australia
2342,Outer Regional Australia
2343,Outer Regional Australia
2344,Inner Regional Australia
2344,Outer Regional Australia
2345,Outer Regional Australia
2346,Outer Regional Australia
2347,Outer Regional Australia
2350,Inner Regional Australia
2350,Outer Regional Australia
2351,Inner Regional Australia
2352,Inner Regional Australia
2352,Outer Regional Australia
2353,Inner Regional Australia
2353,Outer Regional Australia
2354,Outer Regional Australia
2355,Outer Regional Australia
2356,Remote Australia
2357,Outer Regional Australia
2358,Inner Regional Australia
2358,Outer Regional Australia
2359,Outer Regional Australia
2360,Outer Regional Australia
2361,Outer Regional Australia
2365,Outer Regional Australia
2369,Outer Regional Australia
2370,Outer Regional Australia
2371,Outer Regional Australia
2372,Outer Regional Australia
2379,Outer Regional Australia
2380,Outer Regional Australia
2381,Outer Regional Australia
2382,Outer Regional Australia
2386,Remote Australia
2387,Remote Australia
2388,Outer Regional Australia
2388,Remote Australia
2390,Outer Regional Australia
2395,Outer Regional Australia
2396,Outer Regional Australia
2396,Remote Australia
2397,Outer Regional Australia
2397,Remote Australia
2398,Outer Regional Australia
2399,Outer Regional Australia
2400,Outer Regional Australia
2400,Remote Australia
2401,Outer Regional Australia
2402,Outer Regional Australia
2403,Outer Regional Australia
2404,Outer Regional Australia
2405,Remote Australia
2406,Remote Australia
2406,Remote Australia
2408,Outer Regional Australia
2409,Outer Regional Australia
2410,Outer Regional Australia
2411,Outer Regional Australia
2415,Inner Regional Australia
2420,Inner Regional Australia
2420,Outer Regional Australia
2421,Inner Regional Australia
2422,Inner Regional Australia
2422,Outer Regional Australia
2423,Inner Regional Australia
2424,Inner Regional Australia
2424,Outer Regional Australia
2425,Inner Regional Australia
2426,Inner Regional Australia
2427,Inner Regional Australia
2428,Inner Regional Australia
2429,Inner Regional Australia
2429,Outer Regional Australia
2430,Inner Regional Australia
2431,Outer Regional Australia
2439,Inner Regional Australia
2440,Inner Regional Australia
2440,Outer Regional Australia
2441,Inner Regional Australia
2441,Outer Regional Australia
2443,Inner Regional Australia
2444,Inner Regional Australia
2445,Inner Regional Australia
2446,Inner Regional Australia
2446,Outer Regional Australia
2447,Outer Regional Australia
2448,Outer Regional Australia
2449,Outer Regional Australia
2450,Inner Regional Australia
2450,Outer Regional Australia
2452,Inner Regional Australia
2453,Outer Regional Australia
2454,Inner Regional Australia
2454,Outer Regional Australia
2455,Outer Regional Australia
2456,Inner Regional Australia
2456,Outer Regional Australia
2460,Inner Regional Australia
2460,Outer Regional Australia
2462,Inner Regional Australia
2462,Outer Regional Australia
2463,Inner Regional Australia
2463,Outer Regional Australia
2464,Inner Regional Australia
2465,Inner Regional Australia
2466,Inner Regional Australia
2469,Inner Regional Australia
2469,Outer Regional Australia
2470,Inner Regional Australia
2470,Outer Regional Australia
2471,Inner Regional Australia
2472,Inner Regional Australia
2473,Inner Regional Australia
2474,Inner Regional Australia
2474,Outer Regional Australia
2475,Outer Regional Australia
2476,Outer Regional Australia
2477,Inner Regional Australia
2478,Inner Regional Australia
2479,Inner Regional Australia
2480,Inner Regional Australia
2481,Inner Regional Australia
2482,Inner Regional Australia
2483,Inner Regional Australia
2484,Major Cities of Australia
2484,Inner Regional Australia
2485,Major Cities of Australia
2486,Major Cities of Australia
2486,Inner Regional Australia
2487,Major Cities of Australia
2487,Inner Regional Australia
2488,Major Cities of Australia
2489,Major Cities of Australia
2489,Inner Regional Australia
2490,Major Cities of Australia
2490,Inner Regional Australia
2500,Major Cities of Australia
2502,Major Cities of Australia
2505,Major Cities of Australia
2506,Major Cities of Australia
2508,Major Cities of Australia
2508,Inner Regional Australia
2515,Major Cities of Australia
2516,Major Cities of Australia
2517,Major Cities of Australia
2518,Major Cities of Australia
2519,Major Cities of Australia
2522,Major Cities of Australia
2525,Major Cities of Australia
2526,Major Cities of Australia
2527,Major Cities of Australia
2527,Inner Regional Australia
2528,Major Cities of Australia
2529,Major Cities of Australia
2529,Inner Regional Australia
2530,Major Cities of Australia
2530,Inner Regional Australia
2533,Inner Regional Australia
2534,Inner Regional Australia
2535,Inner Regional Australia
2536,Inner Regional Australia
2537,Inner Regional Australia
2537,Outer Regional Australia
2538,Inner Regional Australia
2539,Inner Regional Australia
2539,Outer Regional Australia
2540,Inner Regional Australia
2540,Inner Regional Australia
2541,Inner Regional Australia
2545,Outer Regional Australia
2546,Outer Regional Australia
2548,Outer Regional Australia
2549,Outer Regional Australia
2550,Outer Regional Australia
2551,Outer Regional Australia
2555,Major Cities of Australia
2555,Inner Regional Australia
2556,Major Cities of Australia
2556,Inner Regional Australia
2557,Major Cities of Australia
2558,Major Cities of Australia
2559,Major Cities of Australia
2560,Major Cities of Australia
2560,Inner Regional Australia
2563,Major Cities of Australia
2564,Major Cities of Australia
2565,Major Cities of Australia
2566,Major Cities of Australia
2567,Major Cities of Australia
2568,Major Cities of Australia
2568,Inner Regional Australia
2569,Major Cities of Australia
2569,Inner Regional Australia
2570,Major Cities of Australia
2570,Inner Regional Australia
2571,Inner Regional Australia
2572,Inner Regional Australia
2573,Inner Regional Australia
2574,Inner Regional Australia
2575,Inner Regional Australia
2576,Inner Regional Australia
2577,Inner Regional Australia
2578,Inner Regional Australia
2579,Inner Regional Australia
2580,Inner Regional Australia
2580,Outer Regional Australia
2581,Inner Regional Australia
2582,Inner Regional Australia
2582,Outer Regional Australia
2583,Inner Regional Australia
2583,Outer Regional Australia
2584,Inner Regional Australia
2585,Inner Regional Australia
2586,Inner Regional Australia
2586,Outer Regional Australia
2587,Inner Regional Australia
2588,Inner Regional Australia
2590,Inner Regional Australia
2590,Outer Regional Australia
2594,Inner Regional Australia
2594,Outer Regional Australia
2600,Major Cities of Australia
2601,Major Cities of Australia
2602,Major Cities of Australia
2603,Major Cities of Australia
2604,Major Cities of Australia
2605,Major Cities of Australia
2606,Major Cities of Australia
2607,Major Cities of Australia
2609,Major Cities of Australia
2611,Inner Regional Australia
2611,Outer Regional Australia
2611,Major Cities of Australia
2611,Inner Regional Australia
2612,Major Cities of Australia
2614,Major Cities of Australia
2615,Major Cities of Australia
2617,Major Cities of Australia
2618,Major Cities of Australia
2618,Inner Regional Australia
2618,Major Cities of Australia
2619,Major Cities of Australia
2620,Major Cities of Australia
2620,Inner Regional Australia
2620,Major Cities of Australia
2620,Inner Regional Australia
2621,Inner Regional Australia
2622,Inner Regional Australia
2622,Outer Regional Australia
2623,Inner Regional Australia
2625,Outer Regional Australia
2626,Inner Regional Australia
2627,Outer Regional Australia
2628,Outer Regional Australia
2629,Outer Regional Australia
2630,Inner Regional Australia
2630,Outer Regional Australia
2631,Outer Regional Australia
2632,Outer Regional Australia
2633,Outer Regional Australia
2640,Inner Regional Australia
2640,Outer Regional Australia
2641,Inner Regional Australia
2642,Inner Regional Australia
2642,Outer Regional Australia
2643,Inner Regional Australia
2644,Inner Regional Australia
2644,Outer Regional Australia
2645,Outer Regional Australia
2646,Inner Regional Australia
2646,Outer Regional Australia
2647,Inner Regional Australia
2647,Outer Regional Australia
2648,Outer Regional Australia
2648,Remote Australia
2649,Outer Regional Australia
2650,Inner Regional Australia
2650,Outer Regional Australia
2651,Inner Regional Australia
2652,Inner Regional Australia
2652,Outer Regional Australia
2652,Remote Australia
2653,Outer Regional Australia
2655,Inner Regional Australia
2655,Outer Regional Australia
2656,Inner Regional Australia
2656,Outer Regional Australia
2658,Inner Regional Australia
2658,Outer Regional Australia
2659,Inner Regional Australia
2659,Outer Regional Australia
2660,Inner Regional Australia
2661,Inner Regional Australia
2663,Inner Regional Australia
2663,Outer Regional Australia
2665,Outer Regional Australia
2666,Inner Regional Australia
2666,Outer Regional Australia
2668,Outer Regional Australia
2669,Outer Regional Australia
2669,Remote Australia
2671,Outer Regional Australia
2672,Remote Australia
2675,Remote Australia
2678,Inner Regional Australia
2680,Outer Regional Australia
2681,Outer Regional Australia
2700,Outer Regional Australia
2701,Inner Regional Australia
2701,Outer Regional Australia
2702,Outer Regional Australia
2703,Outer Regional Australia
2705,Outer Regional Australia
2706,Outer Regional Australia
2707,Outer Regional Australia
2710,Inner Regional Australia
2710,Outer Regional Australia
2711,Outer Regional Australia
2711,Remote Australia
2712,Outer Regional Australia
2713,Inner Regional Australia
2713,Outer Regional Australia
2714,Inner Regional Australia
2714,Outer Regional Australia
2715,Outer Regional Australia
2715,Remote Australia
2716,Outer Regional Australia
2717,Outer Regional Australia
2720,Inner Regional Australia
2720,Outer Regional Australia
2721,Outer Regional Australia
2722,Inner Regional Australia
2722,Outer Regional Australia
2725,Outer Regional Australia
2726,Outer Regional Australia
2727,Outer Regional Australia
2729,Inner Regional Australia
2729,Outer Regional Australia
2730,Outer Regional Australia
2731,Inner Regional Australia
2731,Outer Regional Australia
2732,Outer Regional Australia
2733,Outer Regional Australia
2734,Outer Regional Australia
2734,Remote Australia
2735,Outer Regional Australia
2736,Outer Regional Australia
2737,Outer Regional Australia
2737,Remote Australia
2738,Outer Regional Australia
2738,Remote Australia
2739,Outer Regional Australia
2745,Major Cities of Australia
2745,Inner Regional Australia
2747,Major Cities of Australia
2748,Major Cities of Australia
2749,Major Cities of Australia
2750,Major Cities of Australia
2752,Inner Regional Australia
2753,Major Cities of Australia
2753,Inner Regional Australia
2754,Major Cities of Australia
2754,Inner Regional Australia
2755,Major Cities of Australia
2756,Major Cities of Australia
2756,Inner Regional Australia
2756,Outer Regional Australia
2757,Major Cities of Australia
2757,Inner Regional Australia
2758,Inner Regional Australia
2759,Major Cities of Australia
2760,Major Cities of Australia
2761,Major Cities of Australia
2762,Major Cities of Australia
2763,Major Cities of Australia
2765,Major Cities of Australia
2765,Inner Regional Australia
2766,Major Cities of Australia
2767,Major Cities of Australia
2768,Major Cities of Australia
2769,Major Cities of Australia
2770,Major Cities of Australia
2773,Major Cities of Australia
2774,Major Cities of Australia
2775,Inner Regional Australia
2776,Major Cities of Australia
2777,Major Cities of Australia
2778,Major Cities of Australia
2779,Major Cities of Australia
2780,Major Cities of Australia
2780,Inner Regional Australia
2782,Major Cities of Australia
2783,Major Cities of Australia
2784,Major Cities of Australia
2785,Inner Regional Australia
2786,Inner Regional Australia
2787,Inner Regional Australia
2787,Outer Regional Australia
2790,Inner Regional Australia
2791,Inner Regional Australia
2792,Inner Regional Australia
2792,Outer Regional Australia
2793,Inner Regional Australia
2793,Outer Regional Australia
2794,Inner Regional Australia
2794,Outer Regional Australia
2795,Inner Regional Australia
2795,Outer Regional Australia
2797,Outer Regional Australia
2798,Inner Regional Australia
2799,Inner Regional Australia
2799,Outer Regional Australia
2800,Inner Regional Australia
2800,Outer Regional Australia
2803,Outer Regional Australia
2804,Inner Regional Australia
2804,Outer Regional Australia
2805,Outer Regional Australia
2806,Outer Regional Australia
2807,Outer Regional Australia
2808,Outer Regional Australia
2809,Outer Regional Australia
2810,Outer Regional Australia
2817,Outer Regional Australia
2818,Outer Regional Australia
2820,Outer Regional Australia
2821,Outer Regional Australia
2822,Outer Regional Australia
2823,Outer Regional Australia
2824,Outer Regional Australia
2824,Remote Australia
2825,Remote Australia
2826,Remote Australia
2827,Outer Regional Australia
2828,Outer Regional Australia
2828,Remote Australia
2829,Remote Australia
2830,Inner Regional Australia
2830,Outer Regional Australia
2831,Outer Regional Australia
2831,Remote Australia
2831,Very Remote Australia
2832,Remote Australia
2832,Very Remote Australia
2833,Remote Australia
2834,Remote Australia
2834,Very Remote Australia
2835,Remote Australia
2835,Very Remote Australia
2836,Very Remote Australia
2838,Very Remote Australia
2839,Very Remote Australia
2840,Remote Australia
2840,Very Remote Australia
2842,Outer Regional Australia
2843,Outer Regional Australia
2844,Outer Regional Australia
2845,Inner Regional Australia
2846,Inner Regional Australia
2846,Outer Regional Australia
2847,Inner Regional Australia
2848,Inner Regional Australia
2848,Outer Regional Australia
2849,Outer Regional Australia
2850,Inner Regional Australia
2850,Outer Regional Australia
2852,Outer Regional Australia
2864,Inner Regional Australia
2864,Outer Regional Australia
2865,Outer Regional Australia
2866,Inner Regional Australia
2866,Outer Regional Australia
2867,Outer Regional Australia
2868,Outer Regional Australia
2869,Outer Regional Australia
2870,Outer Regional Australia
2871,Outer Regional Australia
2873,Remote Australia
2874,Outer Regional Australia
2874,Remote Australia
2875,Outer Regional Australia
2875,Remote Australia
2876,Outer Regional Australia
2877,Outer Regional Australia
2877,Remote Australia
2878,Remote Australia
2878,Very Remote Australia
2879,Very Remote Australia
2880,Outer Regional Australia
2880,Remote Australia
2880,Very Remote Australia
2898,Very Remote Australia
2899,Very Remote Australia
2900,Major Cities of Australia
2900,Inner Regional Australia
2902,Major Cities of Australia
2903,Major Cities of Australia
2904,Major Cities of Australia
2905,Major Cities of Australia
2906,Major Cities of Australia
2911,Major Cities of Australia
2912,Major Cities of Australia
2913,Major Cities of Australia
2914,Major Cities of Australia
3000,Major Cities of Australia
3002,Major Cities of Australia
3003,Major Cities of Australia
3004,Major Cities of Australia
3006,Major Cities of Australia
3008,Major Cities of Australia
3010,Major Cities of Australia
3011,Major Cities of Australia
3012,Major Cities of Australia
3013,Major Cities of Australia
3015,Major Cities of Australia
3016,Major Cities of Australia
3018,Major Cities of Australia
3019,Major Cities of Australia
3020,Major Cities of Australia
3021,Major Cities of Australia
3022,Major Cities of Australia
3023,Major Cities of Australia
3024,Major Cities of Australia
3024,Inner Regional Australia
3025,Major Cities of Australia
3026,Major Cities of Australia
3027,Major Cities of Australia
3028,Major Cities of Australia
3029,Major Cities of Australia
3030,Major Cities of Australia
3030,Inner Regional Australia
3031,Major Cities of Australia
3032,Major Cities of Australia
3033,Major Cities of Australia
3034,Major Cities of Australia
3036,Major Cities of Australia
3037,Major Cities of Australia
3038,Major Cities of Australia
3039,Major Cities of Australia
3040,Major Cities of Australia
3041,Major Cities of Australia
3042,Major Cities of Australia
3043,Major Cities of Australia
3044,Major Cities of Australia
3045,Major Cities of Australia
3046,Major Cities of Australia
3047,Major Cities of Australia
3048,Major Cities of Australia
3049,Major Cities of Australia
3050,Major Cities of Australia
3051,Major Cities of Australia
3052,Major Cities of Australia
3053,Major Cities of Australia
3054,Major Cities of Australia
3055,Major Cities of Australia
3056,Major Cities of Australia
3057,Major Cities of Australia
3058,Major Cities of Australia
3059,Major Cities of Australia
3060,Major Cities of Australia
3061,Major Cities of Australia
3062,Major Cities of Australia
3063,Major Cities of Australia
3064,Major Cities of Australia
3065,Major Cities of Australia
3066,Major Cities of Australia
3067,Major Cities of Australia
3068,Major Cities of Australia
3070,Major Cities of Australia
3071,Major Cities of Australia
3072,Major Cities of Australia
3073,Major Cities of Australia
3074,Major Cities of Australia
3075,Major Cities of Australia
3076,Major Cities of Australia
3078,Major Cities of Australia
3079,Major Cities of Australia
3081,Major Cities of Australia
3082,Major Cities of Australia
3083,Major Cities of Australia
3084,Major Cities of Australia
3085,Major Cities of Australia
3086,Major Cities of Australia
3087,Major Cities of Australia
3088,Major Cities of Australia
3089,Major Cities of Australia
3090,Major Cities of Australia
3091,Major Cities of Australia
3093,Major Cities of Australia
3094,Major Cities of Australia
3095,Major Cities of Australia
3096,Major Cities of Australia
3097,Major Cities of Australia
3097,Inner Regional Australia
3099,Major Cities of Australia
3099,Inner Regional Australia
3101,Major Cities of Australia
3102,Major Cities of Australia
3103,Major Cities of Australia
3104,Major Cities of Australia
3105,Major Cities of Australia
3106,Major Cities of Australia
3107,Major Cities of Australia
3108,Major Cities of Australia
3109,Major Cities of Australia
3111,Major Cities of Australia
3113,Major Cities of Australia
3114,Major Cities of Australia
3115,Major Cities of Australia
3115,Inner Regional Australia
3116,Major Cities of Australia
3121,Major Cities of Australia
3122,Major Cities of Australia
3123,Major Cities of Australia
3124,Major Cities of Australia
3125,Major Cities of Australia
3126,Major Cities of Australia
3127,Major Cities of Australia
3128,Major Cities of Australia
3129,Major Cities of Australia
3130,Major Cities of Australia
3131,Major Cities of Australia
3132,Major Cities of Australia
3133,Major Cities of Australia
3134,Major Cities of Australia
3135,Major Cities of Australia
3136,Major Cities of Australia
3137,Major Cities of Australia
3138,Major Cities of Australia
3139,Major Cities of Australia
3139,Inner Regional Australia
3140,Major Cities of Australia
3141,Major Cities of Australia
3142,Major Cities of Australia
3143,Major Cities of Australia
3144,Major Cities of Australia
3145,Major Cities of Australia
3146,Major Cities of Australia
3147,Major Cities of Australia
3148,Major Cities of Australia
3149,Major Cities of Australia
3150,Major Cities of Australia
3151,Major Cities of Australia
3152,Major Cities of Australia
3153,Major Cities of Australia
3154,Major Cities of Australia
3155,Major Cities of Australia
3156,Major Cities of Australia
3158,Major Cities of Australia
3159,Major Cities of Australia
3160,Major Cities of Australia
3161,Major Cities of Australia
3162,Major Cities of Australia
3163,Major Cities of Australia
3165,Major Cities of Australia
3166,Major Cities of Australia
3167,Major Cities of Australia
3168,Major Cities of Australia
3169,Major Cities of Australia
3170,Major Cities of Australia
3171,Major Cities of Australia
3172,Major Cities of Australia
3173,Major Cities of Australia
3174,Major Cities of Australia
3175,Major Cities of Australia
3177,Major Cities of Australia
3178,Major Cities of Australia
3179,Major Cities of Australia
3180,Major Cities of Australia
3181,Major Cities of Australia
3182,Major Cities of Australia
3183,Major Cities of Australia
3184,Major Cities of Australia
3185,Major Cities of Australia
3186,Major Cities of Australia
3187,Major Cities of Australia
3188,Major Cities of Australia
3189,Major Cities of Australia
3190,Major Cities of Australia
3191,Major Cities of Australia
3192,Major Cities of Australia
3193,Major Cities of Australia
3194,Major Cities of Australia
3195,Major Cities of Australia
3196,Major Cities of Australia
3197,Major Cities of Australia
3198,Major Cities of Australia
3199,Major Cities of Australia
3200,Major Cities of Australia
3201,Major Cities of Australia
3202,Major Cities of Australia
3204,Major Cities of Australia
3205,Major Cities of Australia
3206,Major Cities of Australia
3207,Major Cities of Australia
3211,Inner Regional Australia
3212,Major Cities of Australia
3212,Inner Regional Australia
3213,Major Cities of Australia
3213,Inner Regional Australia
3214,Major Cities of Australia
3215,Major Cities of Australia
3216,Major Cities of Australia
3216,Inner Regional Australia
3217,Major Cities of Australia
3217,Inner Regional Australia
3218,Major Cities of Australia
3218,Inner Regional Australia
3219,Major Cities of Australia
3220,Major Cities of Australia
3221,Inner Regional Australia
3222,Inner Regional Australia
3223,Inner Regional Australia
3224,Major Cities of Australia
3224,Inner Regional Australia
3225,Inner Regional Australia
3226,Inner Regional Australia
3227,Major Cities of Australia
3227,Inner Regional Australia
3228,Inner Regional Australia
3230,Inner Regional Australia
3231,Inner Regional Australia
3232,Inner Regional Australia
3233,Inner Regional Australia
3233,Outer Regional Australia
3234,Inner Regional Australia
3235,Inner Regional Australia
3236,Inner Regional Australia
3237,Outer Regional Australia
3238,Outer Regional Australia
3239,Inner Regional Australia
3239,Outer Regional Australia
3240,Inner Regional Australia
3241,Inner Regional Australia
3242,Inner Regional Australia
3243,Inner Regional Australia
3249,Inner Regional Australia
3250,Inner Regional Australia
3251,Inner Regional Australia
3254,Inner Regional Australia
3260,Inner Regional Australia
3264,Inner Regional Australia
3265,Inner Regional Australia
3266,Inner Regional Australia
3266,Outer Regional Australia
3267,Outer Regional Australia
3268,Inner Regional Australia
3268,Outer Regional Australia
3269,Outer Regional Australia
3270,Outer Regional Australia
3271,Outer Regional Australia
3272,Inner Regional Australia
3272,Outer Regional Australia
3273,Outer Regional Australia
3274,Outer Regional Australia
3275,Inner Regional Australia
3276,Inner Regional Australia
3277,Inner Regional Australia
3278,Inner Regional Australia
3279,Inner Regional Australia
3280,Inner Regional Australia
3281,Inner Regional Australia
3282,Inner Regional Australia
3283,Inner Regional Australia
3284,Inner Regional Australia
3284,Outer Regional Australia
3285,Inner Regional Australia
3285,Outer Regional Australia
3286,Outer Regional Australia
3287,Outer Regional Australia
3289,Inner Regional Australia
3289,Outer Regional Australia
3292,Outer Regional Australia
3293,Outer Regional Australia
3294,Outer Regional Australia
3300,Inner Regional Australia
3300,Outer Regional Australia
3301,Inner Regional Australia
3301,Outer Regional Australia
3302,Outer Regional Australia
3303,Outer Regional Australia
3304,Outer Regional Australia
3305,Outer Regional Australia
3309,Outer Regional Australia
3310,Outer Regional Australia
3311,Outer Regional Australia
3312,Outer Regional Australia
3314,Outer Regional Australia
3315,Outer Regional Australia
3317,Outer Regional Australia
3318,Outer Regional Australia
3319,Outer Regional Australia
3321,Inner Regional Australia
3322,Inner Regional Australia
3322,Outer Regional Australia
3323,Outer Regional Australia
3324,Inner Regional Australia
3324,Outer Regional Australia
3325,Outer Regional Australia
3328,Inner Regional Australia
3329,Inner Regional Australia
3330,Inner Regional Australia
3331,Inner Regional Australia
3332,Inner Regional Australia
3333,Inner Regional Australia
3334,Inner Regional Australia
3335,Major Cities of Australia
3336,Major Cities of Australia
3337,Major Cities of Australia
3337,Inner Regional Australia
3338,Major Cities of Australia
3338,Inner Regional Australia
3340,Major Cities of Australia
3340,Inner Regional Australia
3341,Inner Regional Australia
3342,Inner Regional Australia
3345,Inner Regional Australia
3350,Inner Regional Australia
3351,Inner Regional Australia
3351,Outer Regional Australia
3352,Inner Regional Australia
3352,Outer Regional Australia
3355,Inner Regional Australia
3356,Inner Regional Australia
3357,Inner Regional Australia
3358,Inner Regional Australia
3360,Inner Regional Australia
3361,Inner Regional Australia
3363,Inner Regional Australia
3364,Inner Regional Australia
3370,Inner Regional Australia
3371,Inner Regional Australia
3373,Inner Regional Australia
3373,Outer Regional Australia
3374,Inner Regional Australia
3374,Outer Regional Australia
3375,Inner Regional Australia
3377,Inner Regional Australia
3377,Outer Regional Australia
3378,Inner Regional Australia
3379,Outer Regional Australia
3380,Inner Regional Australia
3381,Inner Regional Australia
3381,Outer Regional Australia
3384,Inner Regional Australia
3384,Outer Regional Australia
3385,Inner Regional Australia
3385,Outer Regional Australia
3387,Inner Regional Australia
3387,Outer Regional Australia
3388,Outer Regional Australia
3390,Outer Regional Australia
3391,Outer Regional Australia
3392,Outer Regional Australia
3393,Outer Regional Australia
3395,Outer Regional Australia
3395,Remote Australia
3396,Outer Regional Australia
3400,Outer Regional Australia
3401,Outer Regional Australia
3407,Outer Regional Australia
3409,Outer Regional Australia
3412,Outer Regional Australia
3413,Outer Regional Australia
3414,Outer Regional Australia
3415,Outer Regional Australia
3418,Outer Regional Australia
3419,Outer Regional Australia
3420,Outer Regional Australia
3420,Remote Australia
3423,Outer Regional Australia
3424,Outer Regional Australia
3424,Remote Australia
3427,Major Cities of Australia
3428,Major Cities of Australia
3429,Major Cities of Australia
3429,Inner Regional Australia
3430,Major Cities of Australia
3430,Inner Regional Australia
3431,Inner Regional Australia
3432,Inner Regional Australia
3433,Inner Regional Australia
3434,Inner Regional Australia
3435,Inner Regional Australia
3437,Inner Regional Australia
3438,Inner Regional Australia
3440,Inner Regional Australia
3441,Inner Regional Australia
3442,Inner Regional Australia
3444,Inner Regional Australia
3446,Inner Regional Australia
3447,Inner Regional Australia
3448,Inner Regional Australia
3450,Inner Regional Australia
3451,Inner Regional Australia
3453,Inner Regional Australia
3458,Inner Regional Australia
3460,Inner Regional Australia
3461,Inner Regional Australia
3462,Inner Regional Australia
3463,Inner Regional Australia
3464,Inner Regional Australia
3465,Inner Regional Australia
3465,Outer Regional Australia
3467,Inner Regional Australia
3468,Inner Regional Australia
3469,Inner Regional Australia
3472,Inner Regional Australia
3472,Outer Regional Australia
3475,Inner Regional Australia
3475,Outer Regional Australia
3477,Inner Regional Australia
3477,Outer Regional Australia
3478,Inner Regional Australia
3478,Outer Regional Australia
3480,Outer Regional Australia
3482,Outer Regional Australia
3483,Outer Regional Australia
3485,Outer Regional Australia
3487,Outer Regional Australia
3488,Outer Regional Australia
3489,Outer Regional Australia
3490,Outer Regional Australia
3490,Remote Australia
3491,Outer Regional Australia
3494,Outer Regional Australia
3496,Outer Regional Australia
3498,Outer Regional Australia
3500,Outer Regional Australia
3501,Outer Regional Australia
3505,Outer Regional Australia
3506,Remote Australia
3507,Outer Regional Australia
3509,Remote Australia
3512,Remote Australia
3515,Inner Regional Australia
3516,Inner Regional Australia
3517,Inner Regional Australia
3517,Outer Regional Australia
3518,Outer Regional Australia
3520,Outer Regional Australia
3521,Inner Regional Australia
3522,Inner Regional Australia
3523,Inner Regional Australia
3525,Outer Regional Australia
3527,Outer Regional Australia
3529,Outer Regional Australia
3530,Outer Regional Australia
3531,Outer Regional Australia
3533,Outer Regional Australia
3537,Outer Regional Australia
3540,Outer Regional Australia
3542,Outer Regional Australia
3544,Outer Regional Australia
3546,Outer Regional Australia
3549,Outer Regional Australia
3550,Inner Regional Australia
3551,Inner Regional Australia
3555,Inner Regional Australia
3556,Inner Regional Australia
3557,Inner Regional Australia
3558,Inner Regional Australia
3559,Inner Regional Australia
3561,Inner Regional Australia
3562,Inner Regional Australia
3563,Inner Regional Australia
3564,Inner Regional Australia
3565,Inner Regional Australia
3566,Outer Regional Australia
3567,Outer Regional Australia
3568,Outer Regional Australia
3570,Inner Regional Australia
3570,Outer Regional Australia
3571,Inner Regional Australia
3571,Outer Regional Australia
3572,Inner Regional Australia
3573,Inner Regional Australia
3573,Outer Regional Australia
3575,Outer Regional Australia
3576,Outer Regional Australia
3579,Outer Regional Australia
3580,Outer Regional Australia
3581,Outer Regional Australia
3583,Outer Regional Australia
3584,Outer Regional Australia
3585,Outer Regional Australia
3586,Outer Regional Australia
3588,Outer Regional Australia
3589,Outer Regional Australia
3590,Outer Regional Australia
3591,Outer Regional Australia
3594,Outer Regional Australia
3595,Outer Regional Australia
3596,Outer Regional Australia
3597,Outer Regional Australia
3599,Outer Regional Australia
3607,Inner Regional Australia
3608,Inner Regional Australia
3610,Inner Regional Australia
3612,Inner Regional Australia
3614,Inner Regional Australia
3616,Inner Regional Australia
3617,Inner Regional Australia
3618,Inner Regional Australia
3620,Inner Regional Australia
3621,Inner Regional Australia
3622,Inner Regional Australia
3623,Inner Regional Australia
3624,Inner Regional Australia
3629,Inner Regional Australia
3630,Inner Regional Australia
3631,Inner Regional Australia
3633,Inner Regional Australia
3634,Inner Regional Australia
3635,Inner Regional Australia
3636,Inner Regional Australia
3637,Inner Regional Australia
3637,Outer Regional Australia
3638,Inner Regional Australia
3638,Outer Regional Australia
3639,Inner Regional Australia
3639,Outer Regional Australia
3640,Inner Regional Australia
3641,Inner Regional Australia
3641,Outer Regional Australia
3644,Inner Regional Australia
3644,Inner Regional Australia
3646,Inner Regional Australia
3647,Inner Regional Australia
3649,Inner Regional Australia
3658,Inner Regional Australia
3659,Inner Regional Australia
3660,Inner Regional Australia
3662,Inner Regional Australia
3663,Inner Regional Australia
3664,Inner Regional Australia
3665,Inner Regional Australia
3666,Inner Regional Australia
3669,Inner Regional Australia
3670,Inner Regional Australia
3672,Inner Regional Australia
3673,Inner Regional Australia
3673,Outer Regional Australia
3675,Inner Regional Australia
3677,Inner Regional Australia
3678,Inner Regional Australia
3678,Outer Regional Australia
3682,Inner Regional Australia
3683,Inner Regional Australia
3685,Inner Regional Australia
3687,Inner Regional Australia
3688,Inner Regional Australia
3690,Inner Regional Australia
3691,Inner Regional Australia
3691,Inner Regional Australia
3691,Outer Regional Australia
3694,Inner Regional Australia
3695,Inner Regional Australia
3697,Inner Regional Australia
3697,Outer Regional Australia
3698,Inner Regional Australia
3699,Inner Regional Australia
3699,Outer Regional Australia
3700,Inner Regional Australia
3700,Outer Regional Australia
3701,Inner Regional Australia
3701,Outer Regional Australia
3704,Outer Regional Australia
3705,Outer Regional Australia
3707,Outer Regional Australia
3707,Outer Regional Australia
3708,Outer Regional Australia
3709,Outer Regional Australia
3711,Inner Regional Australia
3712,Inner Regional Australia
3713,Outer Regional Australia
3714,Inner Regional Australia
3715,Outer Regional Australia
3717,Inner Regional Australia
3718,Inner Regional Australia
3719,Inner Regional Australia
3720,Outer Regional Australia
3722,Outer Regional Australia
3723,Inner Regional Australia
3723,Outer Regional Australia
3725,Inner Regional Australia
3726,Inner Regional Australia
3727,Inner Regional Australia
3728,Inner Regional Australia
3730,Inner Regional Australia
3732,Inner Regional Australia
3732,Outer Regional Australia
3733,Outer Regional Australia
3735,Inner Regional Australia
3737,Inner Regional Australia
3737,Outer Regional Australia
3738,Inner Regional Australia
3739,Inner Regional Australia
3740,Outer Regional Australia
3741,Outer Regional Australia
3744,Outer Regional Australia
3746,Inner Regional Australia
3747,Inner Regional Australia
3749,Inner Regional Australia
3750,Major Cities of Australia
3751,Major Cities of Australia
3752,Major Cities of Australia
3753,Major Cities of Australia
3753,Inner Regional Australia
3754,Major Cities of Australia
3755,Major Cities of Australia
3756,Major Cities of Australia
3756,Inner Regional Australia
3757,Major Cities of Australia
3757,Inner Regional Australia
3758,Inner Regional Australia
3759,Major Cities of Australia
3759,Inner Regional Australia
3760,Inner Regional Australia
3761,Inner Regional Australia
3762,Inner Regional Australia
3763,Inner Regional Australia
3764,Inner Regional Australia
3765,Major Cities of Australia
3766,Major Cities of Australia
3767,Major Cities of Australia
3770,Major Cities of Australia
3770,Inner Regional Australia
3775,Inner Regional Australia
3777,Inner Regional Australia
3778,Inner Regional Australia
3779,Inner Regional Australia
3781,Major Cities of Australia
3781,Inner Regional Australia
3782,Major Cities of Australia
3783,Major Cities of Australia
3783,Inner Regional Australia
3785,Major Cities of Australia
3786,Major Cities of Australia
3787,Major Cities of Australia
3788,Major Cities of Australia
3789,Major Cities of Australia
3791,Major Cities of Australia
3792,Major Cities of Australia
3793,Major Cities of Australia
3795,Major Cities of Australia
3796,Major Cities of Australia
3797,Inner Regional Australia
3799,Inner Regional Australia
3800,Major Cities of Australia
3802,Major Cities of Australia
3803,Major Cities of Australia
3804,Major Cities of Australia
3805,Major Cities of Australia
3806,Major Cities of Australia
3807,Major Cities of Australia
3808,Major Cities of Australia
3809,Major Cities of Australia
3809,Inner Regional Australia
3810,Major Cities of Australia
3810,Inner Regional Australia
3812,Inner Regional Australia
3813,Inner Regional Australia
3814,Inner Regional Australia
3815,Inner Regional Australia
3816,Inner Regional Australia
3818,Inner Regional Australia
3820,Inner Regional Australia
3821,Inner Regional Australia
3822,Inner Regional Australia
3823,Inner Regional Australia
3824,Inner Regional Australia
3825,Inner Regional Australia
3831,Inner Regional Australia
3832,Inner Regional Australia
3833,Inner Regional Australia
3833,Outer Regional Australia
3835,Inner Regional Australia
3840,Inner Regional Australia
3842,Inner Regional Australia
3844,Inner Regional Australia
3844,Outer Regional Australia
3847,Inner Regional Australia
3847,Outer Regional Australia
3850,Inner Regional Australia
3851,Inner Regional Australia
3851,Outer Regional Australia
3852,Inner Regional Australia
3854,Inner Regional Australia
3856,Inner Regional Australia
3857,Inner Regional Australia
3858,Inner Regional Australia
3858,Outer Regional Australia
3859,Inner Regional Australia
3860,Inner Regional Australia
3860,Outer Regional Australia
3862,Inner Regional Australia
3862,Outer Regional Australia
3864,Outer Regional Australia
3865,Outer Regional Australia
3869,Inner Regional Australia
3870,Inner Regional Australia
3871,Inner Regional Australia
3873,Inner Regional Australia
3874,Outer Regional Australia
3875,Outer Regional Australia
3878,Outer Regional Australia
3880,Outer Regional Australia
3882,Outer Regional Australia
3885,Outer Regional Australia
3886,Outer Regional Australia
3887,Outer Regional Australia
3888,Outer Regional Australia
3889,Outer Regional Australia
3889,Remote Australia
3890,Remote Australia
3891,Remote Australia
3892,Remote Australia
3893,Outer Regional Australia
3895,Outer Regional Australia
3896,Outer Regional Australia
3898,Outer Regional Australia
3900,Outer Regional Australia
3902,Outer Regional Australia
3903,Outer Regional Australia
3904,Outer Regional Australia
3909,Outer Regional Australia
3910,Major Cities of Australia
3911,Major Cities of Australia
3912,Major Cities of Australia
3913,Major Cities of Australia
3915,Major Cities of Australia
3916,Inner Regional Australia
3918,Major Cities of Australia
3919,Major Cities of Australia
3920,Major Cities of Australia
3921,Outer Regional Australia
3922,Inner Regional Australia
3923,Inner Regional Australia
3925,Inner Regional Australia
3926,Major Cities of Australia
3926,Inner Regional Australia
3927,Major Cities of Australia
3928,Major Cities of Australia
3928,Inner Regional Australia
3929,Inner Regional Australia
3930,Major Cities of Australia
3931,Major Cities of Australia
3933,Major Cities of Australia
3934,Major Cities of Australia
3936,Major Cities of Australia
3937,Inner Regional Australia
3938,Major Cities of Australia
3939,Major Cities of Australia
3939,Inner Regional Australia
3940,Major Cities of Australia
3941,Major Cities of Australia
3942,Major Cities of Australia
3943,Major Cities of Australia
3944,Major Cities of Australia
3945,Inner Regional Australia
3946,Inner Regional Australia
3950,Inner Regional Australia
3951,Inner Regional Australia
3953,Inner Regional Australia
3954,Inner Regional Australia
3956,Inner Regional Australia
3956,Outer Regional Australia
3957,Inner Regional Australia
3958,Inner Regional Australia
3959,Inner Regional Australia
3959,Outer Regional Australia
3960,Inner Regional Australia
3960,Outer Regional Australia
3962,Inner Regional Australia
3964,Inner Regional Australia
3965,Outer Regional Australia
3966,Inner Regional Australia
3966,Outer Regional Australia
3967,Inner Regional Australia
3967,Outer Regional Australia
3971,Inner Regional Australia
3971,Outer Regional Australia
3975,Major Cities of Australia
3976,Major Cities of Australia
3977,Major Cities of Australia
3977,Inner Regional Australia
3978,Major Cities of Australia
3978,Inner Regional Australia
3979,Inner Regional Australia
3980,Major Cities of Australia
3980,Inner Regional Australia
3981,Inner Regional Australia
3984,Inner Regional Australia
3987,Inner Regional Australia
3988,Inner Regional Australia
3990,Inner Regional Australia
3991,Inner Regional Australia
3992,Inner Regional Australia
3995,Inner Regional Australia
3996,Inner Regional Australia
4000,Major Cities of Australia
4005,Major Cities of Australia
4006,Major Cities of Australia
4007,Major Cities of Australia
4008,Major Cities of Australia
4009,Major Cities of Australia
4010,Major Cities of Australia
4011,Major Cities of Australia
4012,Major Cities of Australia
4013,Major Cities of Australia
4014,Major Cities of Australia
4017,Major Cities of Australia
4018,Major Cities of Australia
4019,Major Cities of Australia
4020,Major Cities of Australia
4021,Major Cities of Australia
4022,Major Cities of Australia
4025,Remote Australia
4029,Major Cities of Australia
4030,Major Cities of Australia
4031,Major Cities of Australia
4032,Major Cities of Australia
4034,Major Cities of Australia
4035,Major Cities of Australia
4036,Major Cities of Australia
4037,Major Cities of Australia
4051,Major Cities of Australia
4053,Major Cities of Australia
4054,Major Cities of Australia
4055,Major Cities of Australia
4059,Major Cities of Australia
4060,Major Cities of Australia
4061,Major Cities of Australia
4064,Major Cities of Australia
4065,Major Cities of Australia
4066,Major Cities of Australia
4067,Major Cities of Australia
4068,Major Cities of Australia
4069,Major Cities of Australia
4069,Inner Regional Australia
4070,Major Cities of Australia
4072,Major Cities of Australia
4073,Major Cities of Australia
4074,Major Cities of Australia
4075,Major Cities of Australia
4076,Major Cities of Australia
4077,Major Cities of Australia
4078,Major Cities of Australia
4101,Major Cities of Australia
4102,Major Cities of Australia
4103,Major Cities of Australia
4104,Major Cities of Australia
4105,Major Cities of Australia
4106,Major Cities of Australia
4107,Major Cities of Australia
4108,Major Cities of Australia
4109,Major Cities of Australia
4110,Major Cities of Australia
4111,Major Cities of Australia
4112,Major Cities of Australia
4113,Major Cities of Australia
4114,Major Cities of Australia
4115,Major Cities of Australia
4116,Major Cities of Australia
4117,Major Cities of Australia
4118,Major Cities of Australia
4119,Major Cities of Australia
4120,Major Cities of Australia
4121,Major Cities of Australia
4122,Major Cities of Australia
4123,Major Cities of Australia
4124,Major Cities of Australia
4124,Inner Regional Australia
4125,Major Cities of Australia
4125,Inner Regional Australia
4127,Major Cities of Australia
4128,Major Cities of Australia
4129,Major Cities of Australia
4130,Major Cities of Australia
4131,Major Cities of Australia
4132,Major Cities of Australia
4133,Major Cities of Australia
4133,Inner Regional Australia
4151,Major Cities of Australia
4152,Major Cities of Australia
4153,Major Cities of Australia
4154,Major Cities of Australia
4155,Major Cities of Australia
4156,Major Cities of Australia
4157,Major Cities of Australia
4158,Major Cities of Australia
4159,Major Cities of Australia
4160,Major Cities of Australia
4161,Major Cities of Australia
4163,Major Cities of Australia
4164,Major Cities of Australia
4165,Major Cities of Australia
4165,Inner Regional Australia
4169,Major Cities of Australia
4170,Major Cities of Australia
4171,Major Cities of Australia
4172,Major Cities of Australia
4173,Major Cities of Australia
4174,Major Cities of Australia
4178,Major Cities of Australia
4179,Major Cities of Australia
4183,Remote Australia
4184,Inner Regional Australia
4184,Outer Regional Australia
4205,Major Cities of Australia
4207,Major Cities of Australia
4207,Inner Regional Australia
4208,Major Cities of Australia
4209,Major Cities of Australia
4210,Major Cities of Australia
4211,Major Cities of Australia
4211,Inner Regional Australia
4212,Major Cities of Australia
4213,Major Cities of Australia
4213,Inner Regional Australia
4214,Major Cities of Australia
4215,Major Cities of Australia
4216,Major Cities of Australia
4216,Inner Regional Australia
4217,Major Cities of Australia
4218,Major Cities of Australia
4220,Major Cities of Australia
4221,Major Cities of Australia
4222,Major Cities of Australia
4223,Major Cities of Australia
4223,Inner Regional Australia
4224,Major Cities of Australia
4225,Major Cities of Australia
4226,Major Cities of Australia
4227,Major Cities of Australia
4228,Major Cities of Australia
4228,Inner Regional Australia
4229,Major Cities of Australia
4230,Major Cities of Australia
4270,Major Cities of Australia
4270,Inner Regional Australia
4272,Major Cities of Australia
4272,Inner Regional Australia
4275,Inner Regional Australia
4280,Major Cities of Australia
4280,Inner Regional Australia
4285,Inner Regional Australia
4287,Inner Regional Australia
4300,Major Cities of Australia
4301,Major Cities of Australia
4303,Major Cities of Australia
4304,Major Cities of Australia
4305,Major Cities of Australia
4305,Inner Regional Australia
4306,Major Cities of Australia
4306,Inner Regional Australia
4306,Outer Regional Australia
4307,Inner Regional Australia
4309,Inner Regional Australia
4310,Inner Regional Australia
4311,Inner Regional Australia
4312,Inner Regional Australia
4313,Inner Regional Australia
4340,Inner Regional Australia
4341,Inner Regional Australia
4342,Inner Regional Australia
4343,Inner Regional Australia
4344,Inner Regional Australia
4345,Inner Regional Australia
4346,Inner Regional Australia
4347,Inner Regional Australia
4350,Inner Regional Australia
4352,Inner Regional Australia
4352,Outer Regional Australia
4353,Inner Regional Australia
4354,Inner Regional Australia
4355,Inner Regional Australia
4356,Inner Regional Australia
4357,Inner Regional Australia
4357,Outer Regional Australia
4358,Inner Regional Australia
4359,Inner Regional Australia
4360,Inner Regional Australia
4361,Inner Regional Australia
4362,Inner Regional Australia
4363,Inner Regional Australia
4364,Inner Regional Australia
4365,Inner Regional Australia
4370,Inner Regional Australia
4370,Outer Regional Australia
4371,Inner Regional Australia
4372,Inner Regional Australia
4373,Outer Regional Australia
4374,Inner Regional Australia
4374,Outer Regional Australia
4375,Outer Regional Australia
4375,Outer Regional Australia
4376,Outer Regional Australia
4377,Outer Regional Australia
4377,Outer Regional Australia
4378,Outer Regional Australia
4380,Outer Regional Australia
4380,Outer Regional Australia
4381,Outer Regional Australia
4382,Outer Regional Australia
4383,Outer Regional Australia
4383,Outer Regional Australia
4384,Outer Regional Australia
4385,Outer Regional Australia
4385,Outer Regional Australia
4387,Outer Regional Australia
4388,Outer Regional Australia
4390,Outer Regional Australia
4400,Inner Regional Australia
4401,Inner Regional Australia
4402,Inner Regional Australia
4402,Outer Regional Australia
4403,Inner Regional Australia
4404,Inner Regional Australia
4405,Inner Regional Australia
4405,Outer Regional Australia
4406,Inner Regional Australia
4406,Outer Regional Australia
4406,Remote Australia
4407,Inner Regional Australia
4407,Outer Regional Australia
4408,Outer Regional Australia
4410,Outer Regional Australia
4411,Outer Regional Australia
4412,Outer Regional Australia
4413,Outer Regional Australia
4415,Outer Regional Australia
4415,Remote Australia
4416,Outer Regional Australia
4417,Remote Australia
4418,Remote Australia
4419,Remote Australia
4420,Remote Australia
4421,Outer Regional Australia
4422,Remote Australia
4423,Remote Australia
4424,Outer Regional Australia
4425,Outer Regional Australia
4426,Remote Australia
4427,Remote Australia
4428,Remote Australia
4454,Remote Australia
4454,Very Remote Australia
4455,Outer Regional Australia
4455,Remote Australia
4461,Remote Australia
4462,Remote Australia
4465,Remote Australia
4465,Very Remote Australia
4467,Very Remote Australia
4468,Very Remote Australia
4470,Very Remote Australia
4472,Very Remote Australia
4474,Very Remote Australia
4475,Very Remote Australia
4477,Very Remote Australia
4478,Very Remote Australia
4479,Very Remote Australia
4480,Very Remote Australia
4481,Very Remote Australia
4482,Very Remote Australia
4486,Very Remote Australia
4487,Remote Australia
4488,Remote Australia
4488,Very Remote Australia
4489,Very Remote Australia
4490,Very Remote Australia
4491,Very Remote Australia
4492,Very Remote Australia
4493,Very Remote Australia
4494,Remote Australia
4496,Remote Australia
4497,Remote Australia
4498,Outer Regional Australia
4498,Remote Australia
4500,Major Cities of Australia
4501,Major Cities of Australia
4502,Major Cities of Australia
4503,Major Cities of Australia
4504,Major Cities of Australia
4505,Major Cities of Australia
4506,Major Cities of Australia
4507,Inner Regional Australia
4508,Major Cities of Australia
4509,Major Cities of Australia
4510,Major Cities of Australia
4510,Inner Regional Australia
4511,Major Cities of Australia
4512,Major Cities of Australia
4512,Inner Regional Australia
4514,Inner Regional Australia
4515,Inner Regional Australia
4515,Outer Regional Australia
4516,Major Cities of Australia
4517,Inner Regional Australia
4518,Inner Regional Australia
4519,Inner Regional Australia
4520,Major Cities of Australia
4520,Inner Regional Australia
4521,Inner Regional Australia
4550,Inner Regional Australia
4551,Major Cities of Australia
4552,Inner Regional Australia
4553,Major Cities of Australia
4553,Inner Regional Australia
4554,Inner Regional Australia
4555,Major Cities of Australia
4555,Inner Regional Australia
4556,Major Cities of Australia
4557,Major Cities of Australia
4558,Major Cities of Australia
4559,Major Cities of Australia
4559,Inner Regional Australia
4560,Major Cities of Australia
4560,Inner Regional Australia
4561,Major Cities of Australia
4561,Inner Regional Australia
4562,Major Cities of Australia
4562,Inner Regional Australia
4563,Major Cities of Australia
4563,Inner Regional Australia
4564,Major Cities of Australia
4565,Major Cities of Australia
4565,Inner Regional Australia
4566,Major Cities of Australia
4567,Major Cities of Australia
4568,Inner Regional Australia
4569,Inner Regional Australia
4570,Inner Regional Australia
4570,Outer Regional Australia
4571,Inner Regional Australia
4572,Major Cities of Australia
4573,Major Cities of Australia
4573,Inner Regional Australia
4574,Inner Regional Australia
4575,Major Cities of Australia
4580,Inner Regional Australia
4581,Inner Regional Australia
4581,Remote Australia
4600,Inner Regional Australia
4600,Outer Regional Australia
4601,Outer Regional Australia
4605,Inner Regional Australia
4605,Outer Regional Australia
4606,Outer Regional Australia
4608,Outer Regional Australia
4610,Inner Regional Australia
4610,Outer Regional Australia
4611,Outer Regional Australia
4612,Outer Regional Australia
4613,Outer Regional Australia
4614,Inner Regional Australia
4614,Outer Regional Australia
4615,Inner Regional Australia
4615,Outer Regional Australia
4620,Inner Regional Australia
4620,Outer Regional Australia
4621,Outer Regional Australia
4625,Outer Regional Australia
4626,Outer Regional Australia
4627,Outer Regional Australia
4627,Remote Australia
4630,Outer Regional Australia
4630,Remote Australia
4650,Inner Regional Australia
4650,Outer Regional Australia
4655,Inner Regional Australia
4659,Inner Regional Australia
4660,Inner Regional Australia
4662,Inner Regional Australia
4670,Inner Regional Australia
4670,Outer Regional Australia
4671,Inner Regional Australia
4671,Outer Regional Australia
4673,Inner Regional Australia
4673,Outer Regional Australia
4674,Outer Regional Australia
4676,Outer Regional Australia
4677,Outer Regional Australia
4678,Outer Regional Australia
4680,Inner Regional Australia
4680,Outer Regional Australia
4680,Remote Australia
4694,Outer Regional Australia
4695,Outer Regional Australia
4697,Outer Regional Australia
4699,Outer Regional Australia
4700,Inner Regional Australia
4700,Remote Australia
4701,Inner Regional Australia
4701,Outer Regional Australia
4702,Inner Regional Australia
4702,Outer Regional Australia
4702,Remote Australia
4703,Inner Regional Australia
4703,Outer Regional Australia
4704,Inner Regional Australia
4704,Outer Regional Australia
4705,Remote Australia
4706,Remote Australia
4707,Remote Australia
4709,Remote Australia
4710,Inner Regional Australia
4711,Inner Regional Australia
4712,Outer Regional Australia
4713,Remote Australia
4714,Inner Regional Australia
4714,Outer Regional Australia
4715,Outer Regional Australia
4716,Outer Regional Australia
4717,Outer Regional Australia
4718,Outer Regional Australia
4718,Remote Australia
4719,Outer Regional Australia
4719,Remote Australia
4720,Outer Regional Australia
4720,Remote Australia
4721,Remote Australia
4721,Very Remote Australia
4722,Remote Australia
4722,Very Remote Australia
4723,Remote Australia
4724,Very Remote Australia
4725,Very Remote Australia
4726,Very Remote Australia
4727,Very Remote Australia
4728,Very Remote Australia
4730,Very Remote Australia
4731,Very Remote Australia
4732,Very Remote Australia
4733,Very Remote Australia
4735,Very Remote Australia
4736,Very Remote Australia
4737,Outer Regional Australia
4738,Outer Regional Australia
4739,Outer Regional Australia
4740,Inner Regional Australia
4740,Outer Regional Australia
4740,Very Remote Australia
4741,Inner Regional Australia
4741,Outer Regional Australia
4741,Remote Australia
4741,Very Remote Australia
4742,Outer Regional Australia
4742,Remote Australia
4743,Remote Australia
4744,Outer Regional Australia
4745,Outer Regional Australia
4745,Remote Australia
4746,Remote Australia
4750,Inner Regional Australia
4751,Outer Regional Australia
4753,Outer Regional Australia
4754,Outer Regional Australia
4756,Outer Regional Australia
4757,Outer Regional Australia
4798,Outer Regional Australia
4799,Outer Regional Australia
4800,Outer Regional Australia
4801,Very Remote Australia
4802,Outer Regional Australia
4802,Very Remote Australia
4803,Remote Australia
4804,Remote Australia
4805,Outer Regional Australia
4805,Remote Australia
4806,Outer Regional Australia
4807,Outer Regional Australia
4807,Remote Australia
4808,Outer Regional Australia
4809,Outer Regional Australia
4809,Very Remote Australia
4810,Outer Regional Australia
4811,Outer Regional Australia
4812,Outer Regional Australia
4814,Outer Regional Australia
4815,Outer Regional Australia
4816,Outer Regional Australia
4816,Remote Australia
4816,Very Remote Australia
4817,Outer Regional Australia
4817,Remote Australia
4818,Outer Regional Australia
4819,Outer Regional Australia
4820,Outer Regional Australia
4820,Remote Australia
4820,Very Remote Australia
4821,Very Remote Australia
4822,Very Remote Australia
4823,Very Remote Australia
4824,Remote Australia
4824,Very Remote Australia
4825,Remote Australia
4825,Very Remote Australia
4825,Very Remote Australia
4828,Very Remote Australia
4829,Very Remote Australia
4830,Very Remote Australia
4849,Outer Regional Australia
4849,Remote Australia
4850,Outer Regional Australia
4850,Remote Australia
4852,Outer Regional Australia
4852,Remote Australia
4854,Outer Regional Australia
4854,Remote Australia
4855,Outer Regional Australia
4856,Outer Regional Australia
4858,Outer Regional Australia
4859,Outer Regional Australia
4860,Outer Regional Australia
4861,Outer Regional Australia
4865,Outer Regional Australia
4868,Outer Regional Australia
4869,Outer Regional Australia
4870,Outer Regional Australia
4871,Outer Regional Australia
4871,Remote Australia
4871,Very Remote Australia
4872,Outer Regional Australia
4872,Remote Australia
4872,Very Remote Australia
4873,Outer Regional Australia
4873,Remote Australia
4874,Very Remote Australia
4875,Very Remote Australia
4876,Very Remote Australia
4877,Outer Regional Australia
4878,Outer Regional Australia
4879,Outer Regional Australia
4880,Outer Regional Australia
4881,Outer Regional Australia
4882,Outer Regional Australia
4883,Outer Regional Australia
4884,Outer Regional Australia
4885,Outer Regional Australia
4886,Outer Regional Australia
4887,Outer Regional Australia
4888,Outer Regional Australia
4888,Remote Australia
4890,Very Remote Australia
4891,Very Remote Australia
4892,Very Remote Australia
4895,Remote Australia
4895,Very Remote Australia
5000,Major Cities of Australia
5005,Major Cities of Australia
5006,Major Cities of Australia
5007,Major Cities of Australia
5008,Major Cities of Australia
5009,Major Cities of Australia
5010,Major Cities of Australia
5011,Major Cities of Australia
5012,Major Cities of Australia
5013,Major Cities of Australia
5014,Major Cities of Australia
5015,Major Cities of Australia
5016,Major Cities of Australia
5017,Major Cities of Australia
5018,Major Cities of Australia
5019,Major Cities of Australia
5020,Major Cities of Australia
5021,Major Cities of Australia
5022,Major Cities of Australia
5023,Major Cities of Australia
5024,Major Cities of Australia
5025,Major Cities of Australia
5031,Major Cities of Australia
5032,Major Cities of Australia
5033,Major Cities of Australia
5034,Major Cities of Australia
5035,Major Cities of Australia
5037,Major Cities of Australia
5038,Major Cities of Australia
5039,Major Cities of Australia
5040,Major Cities of Australia
5041,Major Cities of Australia
5042,Major Cities of Australia
5043,Major Cities of Australia
5044,Major Cities of Australia
5045,Major Cities of Australia
5046,Major Cities of Australia
5047,Major Cities of Australia
5048,Major Cities of Australia
5049,Major Cities of Australia
5050,Major Cities of Australia
5051,Major Cities of Australia
5052,Major Cities of Australia
5061,Major Cities of Australia
5062,Major Cities of Australia
5063,Major Cities of Australia
5064,Major Cities of Australia
5065,Major Cities of Australia
5066,Major Cities of Australia
5067,Major Cities of Australia
5068,Major Cities of Australia
5069,Major Cities of Australia
5070,Major Cities of Australia
5072,Major Cities of Australia
5073,Major Cities of Australia
5074,Major Cities of Australia
5075,Major Cities of Australia
5076,Major Cities of Australia
5076,Inner Regional Australia
5081,Major Cities of Australia
5082,Major Cities of Australia
5083,Major Cities of Australia
5084,Major Cities of Australia
5085,Major Cities of Australia
5086,Major Cities of Australia
5087,Major Cities of Australia
5088,Major Cities of Australia
5089,Major Cities of Australia
5090,Major Cities of Australia
5091,Major Cities of Australia
5092,Major Cities of Australia
5093,Major Cities of Australia
5094,Major Cities of Australia
5095,Major Cities of Australia
5096,Major Cities of Australia
5097,Major Cities of Australia
5098,Major Cities of Australia
5106,Major Cities of Australia
5107,Major Cities of Australia
5108,Major Cities of Australia
5109,Major Cities of Australia
5110,Major Cities of Australia
5110,Inner Regional Australia
5111,Major Cities of Australia
5112,Major Cities of Australia
5113,Major Cities of Australia
5114,Major Cities of Australia
5114,Inner Regional Australia
5115,Major Cities of Australia
5116,Major Cities of Australia
5117,Major Cities of Australia
5118,Major Cities of Australia
5118,Inner Regional Australia
5120,Major Cities of Australia
5120,Inner Regional Australia
5121,Major Cities of Australia
5125,Major Cities of Australia
5126,Major Cities of Australia
5127,Major Cities of Australia
5131,Major Cities of Australia
5132,Major Cities of Australia
5132,Inner Regional Australia
5133,Inner Regional Australia
5134,Inner Regional Australia
5136,Major Cities of Australia
5137,Major Cities of Australia
5137,Inner Regional Australia
5138,Inner Regional Australia
5139,Inner Regional Australia
5140,Major Cities of Australia
5141,Major Cities of Australia
5142,Major Cities of Australia
5144,Inner Regional Australia
5150,Major Cities of Australia
5151,Major Cities of Australia
5152,Major Cities of Australia
5153,Major Cities of Australia
5153,Inner Regional Australia
5154,Major Cities of Australia
5155,Major Cities of Australia
5155,Inner Regional Australia
5156,Major Cities of Australia
5157,Major Cities of Australia
5157,Inner Regional Australia
5158,Major Cities of Australia
5159,Major Cities of Australia
5159,Inner Regional Australia
5160,Major Cities of Australia
5161,Major Cities of Australia
5162,Major Cities of Australia
5163,Major Cities of Australia
5164,Major Cities of Australia
5165,Major Cities of Australia
5166,Major Cities of Australia
5167,Major Cities of Australia
5168,Major Cities of Australia
5169,Major Cities of Australia
5170,Major Cities of Australia
5171,Major Cities of Australia
5171,Inner Regional Australia
5172,Major Cities of Australia
5172,Inner Regional Australia
5173,Major Cities of Australia
5174,Major Cities of Australia
5174,Inner Regional Australia
5201,Inner Regional Australia
5202,Inner Regional Australia
5203,Inner Regional Australia
5204,Inner Regional Australia
5210,Inner Regional Australia
5211,Inner Regional Australia
5212,Inner Regional Australia
5213,Inner Regional Australia
5214,Inner Regional Australia
5220,Remote Australia
5221,Remote Australia
5222,Remote Australia
5223,Remote Australia
5231,Inner Regional Australia
5232,Inner Regional Australia
5233,Inner Regional Australia
5234,Inner Regional Australia
5235,Inner Regional Australia
5236,Inner Regional Australia
5237,Inner Regional Australia
5238,Inner Regional Australia
5238,Outer Regional Australia
5240,Inner Regional Australia
5241,Inner Regional Australia
5242,Inner Regional Australia
5243,Inner Regional Australia
5244,Inner Regional Australia
5245,Major Cities of Australia
5245,Inner Regional Australia
5250,Inner Regional Australia
5251,Inner Regional Australia
5252,Inner Regional Australia
5253,Inner Regional Australia
5254,Inner Regional Australia
5255,Inner Regional Australia
5256,Inner Regional Australia
5259,Inner Regional Australia
5259,Outer Regional Australia
5260,Inner Regional Australia
5261,Outer Regional Australia
5262,Outer Regional Australia
5263,Outer Regional Australia
5264,Outer Regional Australia
5264,Remote Australia
5265,Outer Regional Australia
5266,Outer Regional Australia
5267,Outer Regional Australia
5267,Remote Australia
5268,Outer Regional Australia
5268,Remote Australia
5269,Outer Regional Australia
5270,Outer Regional Australia
5271,Outer Regional Australia
5271,Remote Australia
5272,Outer Regional Australia
5273,Outer Regional Australia
5273,Remote Australia
5275,Outer Regional Australia
5275,Remote Australia
5276,Outer Regional Australia
5277,Outer Regional Australia
5278,Outer Regional Australia
5279,Outer Regional Australia
5280,Outer Regional Australia
5290,Inner Regional Australia
5290,Outer Regional Australia
5291,Inner Regional Australia
5291,Outer Regional Australia
5301,Outer Regional Australia
5302,Remote Australia
5303,Remote Australia
5304,Outer Regional Australia
5304,Remote Australia
5306,Outer Regional Australia
5307,Outer Regional Australia
5308,Outer Regional Australia
5309,Outer Regional Australia
5310,Outer Regional Australia
5311,Outer Regional Australia
5320,Outer Regional Australia
5321,Outer Regional Australia
5322,Outer Regional Australia
5330,Outer Regional Australia
5331,Outer Regional Australia
5332,Outer Regional Australia
5333,Outer Regional Australia
5340,Outer Regional Australia
5341,Outer Regional Australia
5342,Outer Regional Australia
5343,Outer Regional Australia
5344,Outer Regional Australia
5345,Outer Regional Australia
5346,Outer Regional Australia
5350,Inner Regional Australia
5351,Inner Regional Australia
5352,Inner Regional Australia
5353,Inner Regional Australia
5353,Outer Regional Australia
5354,Outer Regional Australia
5355,Inner Regional Australia
5356,Inner Regional Australia
5356,Outer Regional Australia
5357,Outer Regional Australia
5360,Inner Regional Australia
5371,Inner Regional Australia
5372,Inner Regional Australia
5373,Inner Regional Australia
5374,Inner Regional Australia
5374,Outer Regional Australia
5381,Outer Regional Australia
5400,Inner Regional Australia
5401,Inner Regional Australia
5410,Inner Regional Australia
5411,Inner Regional Australia
5412,Inner Regional Australia
5413,Inner Regional Australia
5413,Outer Regional Australia
5414,Inner Regional Australia
5415,Outer Regional Australia
5416,Outer Regional Australia
5417,Outer Regional Australia
5417,Remote Australia
5418,Outer Regional Australia
5419,Outer Regional Australia
5420,Outer Regional Australia
5421,Outer Regional Australia
5422,Outer Regional Australia
5422,Remote Australia
5431,Outer Regional Australia
5432,Outer Regional Australia
5432,Remote Australia
5433,Outer Regional Australia
5433,Remote Australia
5434,Outer Regional Australia
5434,Remote Australia
5440,Outer Regional Australia
5440,Remote Australia
5440,Very Remote Australia
5451,Inner Regional Australia
5452,Inner Regional Australia
5453,Inner Regional Australia
5453,Outer Regional Australia
5454,Outer Regional Australia
5455,Outer Regional Australia
5460,Inner Regional Australia
5461,Inner Regional Australia
5461,Outer Regional Australia
5462,Outer Regional Australia
5464,Outer Regional Australia
5470,Outer Regional Australia
5471,Outer Regional Australia
5472,Outer Regional Australia
5473,Outer Regional Australia
5480,Outer Regional Australia
5481,Outer Regional Australia
5482,Outer Regional Australia
5483,Outer Regional Australia
5485,Outer Regional Australia
5490,Outer Regional Australia
5491,Outer Regional Australia
5493,Outer Regional Australia
5495,Outer Regional Australia
5501,Inner Regional Australia
5502,Inner Regional Australia
5510,Outer Regional Australia
5520,Outer Regional Australia
5521,Outer Regional Australia
5522,Outer Regional Australia
5523,Outer Regional Australia
5540,Outer Regional Australia
5550,Inner Regional Australia
5550,Outer Regional Australia
5552,Outer Regional Australia
5554,Outer Regional Australia
5555,Outer Regional Australia
5556,Outer Regional Australia
5558,Outer Regional Australia
5560,Outer Regional Australia
5570,Outer Regional Australia
5571,Outer Regional Australia
5572,Outer Regional Australia
5573,Outer Regional Australia
5575,Outer Regional Australia
5575,Remote Australia
5576,Remote Australia
5577,Remote Australia
5580,Outer Regional Australia
5581,Outer Regional Australia
5582,Remote Australia
5583,Remote Australia
5600,Outer Regional Australia
5601,Outer Regional Australia
5602,Outer Regional Australia
5602,Remote Australia
5603,Remote Australia
5604,Remote Australia
5605,Remote Australia
5606,Remote Australia
5607,Remote Australia
5607,Very Remote Australia
5608,Outer Regional Australia
5609,Outer Regional Australia
5611,Remote Australia
5630,Remote Australia
5631,Remote Australia
5632,Remote Australia
5633,Remote Australia
5640,Remote Australia
5641,Remote Australia
5642,Remote Australia
5650,Remote Australia
5650,Very Remote Australia
5651,Very Remote Australia
5652,Very Remote Australia
5653,Very Remote Australia
5654,Very Remote Australia
5655,Very Remote Australia
5660,Very Remote Australia
5661,Very Remote Australia
5670,Very Remote Australia
5671,Very Remote Australia
5680,Remote Australia
5680,Very Remote Australia
5690,Very Remote Australia
5700,Outer Regional Australia
5701,Outer Regional Australia
5710,Outer Regional Australia
5713,Remote Australia
5713,Very Remote Australia
5715,Remote Australia
5717,Remote Australia
5717,Very Remote Australia
5719,Very Remote Australia
5720,Very Remote Australia
5722,Very Remote Australia
5723,Very Remote Australia
5724,Very Remote Australia
5725,Remote Australia
5730,Remote Australia
5730,Very Remote Australia
5731,Very Remote Australia
5732,Very Remote Australia
5733,Very Remote Australia
5734,Very Remote Australia
5950,Major Cities of Australia
5960,Major Cities of Australia
6000,Major Cities of Australia
6003,Major Cities of Australia
6004,Major Cities of Australia
6005,Major Cities of Australia
6006,Major Cities of Australia
6007,Major Cities of Australia
6008,Major Cities of Australia
6009,Major Cities of Australia
6010,Major Cities of Australia
6011,Major Cities of Australia
6012,Major Cities of Australia
6014,Major Cities of Australia
6015,Major Cities of Australia
6016,Major Cities of Australia
6017,Major Cities of Australia
6018,Major Cities of Australia
6019,Major Cities of Australia
6020,Major Cities of Australia
6021,Major Cities of Australia
6022,Major Cities of Australia
6023,Major Cities of Australia
6024,Major Cities of Australia
6025,Major Cities of Australia
6026,Major Cities of Australia
6027,Major Cities of Australia
6028,Major Cities of Australia
6029,Major Cities of Australia
6030,Major Cities of Australia
6031,Major Cities of Australia
6032,Major Cities of Australia
6033,Major Cities of Australia
6034,Major Cities of Australia
6035,Major Cities of Australia
6035,Inner Regional Australia
6036,Major Cities of Australia
6037,Inner Regional Australia
6038,Major Cities of Australia
6041,Inner Regional Australia
6042,Inner Regional Australia
6043,Outer Regional Australia
6044,Outer Regional Australia
6050,Major Cities of Australia
6051,Major Cities of Australia
6052,Major Cities of Australia
6053,Major Cities of Australia
6054,Major Cities of Australia
6055,Major Cities of Australia
6056,Major Cities of Australia
6057,Major Cities of Australia
6058,Major Cities of Australia
6059,Major Cities of Australia
6060,Major Cities of Australia
6061,Major Cities of Australia
6062,Major Cities of Australia
6063,Major Cities of Australia
6064,Major Cities of Australia
6065,Major Cities of Australia
6066,Major Cities of Australia
6067,Major Cities of Australia
6068,Major Cities of Australia
6069,Major Cities of Australia
6069,Inner Regional Australia
6070,Major Cities of Australia
6071,Major Cities of Australia
6072,Major Cities of Australia
6073,Major Cities of Australia
6074,Major Cities of Australia
6074,Inner Regional Australia
6076,Major Cities of Australia
6076,Inner Regional Australia
6077,Major Cities of Australia
6078,Major Cities of Australia
6078,Inner Regional Australia
6079,Major Cities of Australia
6081,Major Cities of Australia
6082,Major Cities of Australia
6082,Inner Regional Australia
6083,Major Cities of Australia
6083,Inner Regional Australia
6084,Major Cities of Australia
6084,Inner Regional Australia
6090,Major Cities of Australia
6100,Major Cities of Australia
6101,Major Cities of Australia
6102,Major Cities of Australia
6103,Major Cities of Australia
6104,Major Cities of Australia
6105,Major Cities of Australia
6106,Major Cities of Australia
6107,Major Cities of Australia
6108,Major Cities of Australia
6109,Major Cities of Australia
6110,Major Cities of Australia
6111,Major Cities of Australia
6111,Inner Regional Australia
6112,Major Cities of Australia
6121,Major Cities of Australia
6122,Major Cities of Australia
6122,Inner Regional Australia
6123,Major Cities of Australia
6123,Inner Regional Australia
6124,Inner Regional Australia
6125,Major Cities of Australia
6125,Inner Regional Australia
6126,Inner Regional Australia
6147,Major Cities of Australia
6148,Major Cities of Australia
6149,Major Cities of Australia
6150,Major Cities of Australia
6151,Major Cities of Australia
6152,Major Cities of Australia
6153,Major Cities of Australia
6154,Major Cities of Australia
6155,Major Cities of Australia
6156,Major Cities of Australia
6157,Major Cities of Australia
6158,Major Cities of Australia
6159,Major Cities of Australia
6160,Major Cities of Australia
6161,Remote Australia
6162,Major Cities of Australia
6163,Major Cities of Australia
6164,Major Cities of Australia
6165,Major Cities of Australia
6166,Major Cities of Australia
6167,Major Cities of Australia
6168,Major Cities of Australia
6168,Inner Regional Australia
6169,Major Cities of Australia
6170,Major Cities of Australia
6171,Major Cities of Australia
6171,Inner Regional Australia
6172,Major Cities of Australia
6173,Major Cities of Australia
6174,Major Cities of Australia
6175,Major Cities of Australia
6176,Major Cities of Australia
6180,Major Cities of Australia
6181,Major Cities of Australia
6181,Inner Regional Australia
6182,Major Cities of Australia
6207,Inner Regional Australia
6208,Major Cities of Australia
6208,Inner Regional Australia
6209,Major Cities of Australia
6209,Inner Regional Australia
6210,Major Cities of Australia
6211,Major Cities of Australia
6211,Inner Regional Australia
6213,Inner Regional Australia
6214,Inner Regional Australia
6215,Inner Regional Australia
6218,Inner Regional Australia
6220,Inner Regional Australia
6221,Inner Regional Australia
6223,Inner Regional Australia
6224,Inner Regional Australia
6225,Inner Regional Australia
6225,Outer Regional Australia
6226,Inner Regional Australia
6227,Inner Regional Australia
6228,Inner Regional Australia
6229,Inner Regional Australia
6230,Inner Regional Australia
6232,Inner Regional Australia
6233,Inner Regional Australia
6236,Inner Regional Australia
6237,Inner Regional Australia
6239,Inner Regional Australia
6240,Inner Regional Australia
6243,Inner Regional Australia
6243,Outer Regional Australia
6244,Outer Regional Australia
6251,Inner Regional Australia
6252,Inner Regional Australia
6253,Inner Regional Australia
6254,Outer Regional Australia
6255,Inner Regional Australia
6255,Outer Regional Australia
6256,Outer Regional Australia
6258,Outer Regional Australia
6260,Outer Regional Australia
6262,Outer Regional Australia
6271,Inner Regional Australia
6275,Inner Regional Australia
6275,Outer Regional Australia
6280,Inner Regional Australia
6281,Inner Regional Australia
6282,Inner Regional Australia
6284,Inner Regional Australia
6285,Inner Regional Australia
6286,Inner Regional Australia
6288,Inner Regional Australia
6288,Outer Regional Australia
6290,Inner Regional Australia
6290,Outer Regional Australia
6302,Inner Regional Australia
6302,Outer Regional Australia
6304,Outer Regional Australia
6306,Outer Regional Australia
6306,Remote Australia
6308,Outer Regional Australia
6309,Outer Regional Australia
6311,Outer Regional Australia
6312,Outer Regional Australia
6312,Remote Australia
6313,Outer Regional Australia
6315,Outer Regional Australia
6315,Remote Australia
6316,Outer Regional Australia
6317,Outer Regional Australia
6317,Remote Australia
6318,Outer Regional Australia
6320,Outer Regional Australia
6321,Outer Regional Australia
6322,Outer Regional Australia
6323,Outer Regional Australia
6324,Outer Regional Australia
6326,Outer Regional Australia
6327,Outer Regional Australia
6328,Outer Regional Australia
6328,Remote Australia
6330,Outer Regional Australia
6333,Outer Regional Australia
6335,Remote Australia
6336,Remote Australia
6337,Remote Australia
6338,Remote Australia
6341,Remote Australia
6343,Remote Australia
6346,Very Remote Australia
6348,Very Remote Australia
6350,Remote Australia
6351,Remote Australia
6352,Remote Australia
6353,Remote Australia
6355,Remote Australia
6355,Very Remote Australia
6356,Very Remote Australia
6357,Remote Australia
6358,Remote Australia
6359,Remote Australia
6359,Very Remote Australia
6361,Remote Australia
6363,Remote Australia
6365,Remote Australia
6367,Remote Australia
6368,Remote Australia
6369,Remote Australia
6370,Outer Regional Australia
6370,Remote Australia
6372,Outer Regional Australia
6372,Remote Australia
6373,Remote Australia
6375,Remote Australia
6383,Outer Regional Australia
6384,Outer Regional Australia
6385,Remote Australia
6386,Remote Australia
6390,Inner Regional Australia
6390,Outer Regional Australia
6391,Inner Regional Australia
6391,Outer Regional Australia
6392,Outer Regional Australia
6393,Outer Regional Australia
6394,Outer Regional Australia
6395,Outer Regional Australia
6396,Outer Regional Australia
6397,Outer Regional Australia
6398,Outer Regional Australia
6401,Inner Regional Australia
6401,Outer Regional Australia
6403,Inner Regional Australia
6405,Outer Regional Australia
6407,Outer Regional Australia
6409,Outer Regional Australia
6410,Outer Regional Australia
6411,Outer Regional Australia
6412,Outer Regional Australia
6413,Outer Regional Australia
6414,Outer Regional Australia
6415,Outer Regional Australia
6415,Remote Australia
6418,Remote Australia
6419,Remote Australia
6420,Remote Australia
6421,Remote Australia
6422,Remote Australia
6423,Remote Australia
6424,Remote Australia
6425,Remote Australia
6426,Remote Australia
6427,Remote Australia
6428,Remote Australia
6429,Very Remote Australia
6430,Outer Regional Australia
6430,Very Remote Australia
6431,Very Remote Australia
6432,Outer Regional Australia
6434,Outer Regional Australia
6434,Very Remote Australia
6436,Very Remote Australia
6437,Very Remote Australia
6438,Very Remote Australia
6440,Very Remote Australia
6442,Outer Regional Australia
6443,Very Remote Australia
6445,Very Remote Australia
6446,Remote Australia
6447,Remote Australia
6447,Very Remote Australia
6448,Remote Australia
6450,Remote Australia
6450,Very Remote Australia
6452,Very Remote Australia
6460,Outer Regional Australia
6461,Outer Regional Australia
6462,Outer Regional Australia
6463,Outer Regional Australia
6465,Outer Regional Australia
6466,Remote Australia
6467,Remote Australia
6468,Remote Australia
6470,Remote Australia
6472,Remote Australia
6473,Remote Australia
6475,Remote Australia
6476,Remote Australia
6477,Remote Australia
6479,Remote Australia
6480,Remote Australia
6484,Remote Australia
6485,Outer Regional Australia
6487,Remote Australia
6488,Remote Australia
6489,Remote Australia
6490,Remote Australia
6501,Inner Regional Australia
6502,Inner Regional Australia
6502,Outer Regional Australia
6503,Inner Regional Australia
6503,Outer Regional Australia
6504,Outer Regional Australia
6505,Outer Regional Australia
6506,Outer Regional Australia
6507,Outer Regional Australia
6509,Outer Regional Australia
6510,Outer Regional Australia
6511,Outer Regional Australia
6512,Outer Regional Australia
6513,Outer Regional Australia
6513,Remote Australia
6514,Outer Regional Australia
6515,Remote Australia
6516,Outer Regional Australia
6517,Remote Australia
6518,Remote Australia
6519,Remote Australia
6521,Outer Regional Australia
6522,Outer Regional Australia
6525,Outer Regional Australia
6528,Outer Regional Australia
6530,Outer Regional Australia
6530,Very Remote Australia
6532,Outer Regional Australia
6532,Remote Australia
6532,Very Remote Australia
6535,Outer Regional Australia
6535,Remote Australia
6536,Remote Australia
6537,Very Remote Australia
6556,Inner Regional Australia
6558,Inner Regional Australia
6560,Inner Regional Australia
6562,Inner Regional Australia
6564,Inner Regional Australia
6566,Inner Regional Australia
6566,Outer Regional Australia
6567,Inner Regional Australia
6567,Outer Regional Australia
6568,Outer Regional Australia
6569,Outer Regional Australia
6571,Outer Regional Australia
6572,Outer Regional Australia
6574,Outer Regional Australia
6575,Outer Regional Australia
6603,Outer Regional Australia
6605,Remote Australia
6606,Remote Australia
6608,Remote Australia
6609,Remote Australia
6612,Remote Australia
6612,Very Remote Australia
6613,Remote Australia
6614,Remote Australia
6616,Remote Australia
6620,Remote Australia
6623,Remote Australia
6625,Remote Australia
6627,Remote Australia
6628,Remote Australia
6630,Remote Australia
6630,Very Remote Australia
6631,Remote Australia
6632,Remote Australia
6635,Very Remote Australia
6638,Very Remote Australia
6639,Very Remote Australia
6640,Very Remote Australia
6642,Very Remote Australia
6646,Very Remote Australia
6701,Very Remote Australia
6705,Very Remote Australia
6707,Very Remote Australia
6710,Very Remote Australia
6711,Very Remote Australia
6712,Very Remote Australia
6713,Remote Australia
6714,Remote Australia
6714,Very Remote Australia
6716,Very Remote Australia
6718,Remote Australia
6718,Very Remote Australia
6720,Remote Australia
6721,Remote Australia
6721,Very Remote Australia
6722,Remote Australia
6722,Very Remote Australia
6725,Remote Australia
6725,Very Remote Australia
6726,Remote Australia
6728,Very Remote Australia
6731,Very Remote Australia
6733,Very Remote Australia
6740,Very Remote Australia
6743,Very Remote Australia
6751,Very Remote Australia
6753,Very Remote Australia
6754,Very Remote Australia
6758,Very Remote Australia
6760,Very Remote Australia
6762,Very Remote Australia
6765,Very Remote Australia
6770,Very Remote Australia
6798,Very Remote Australia
6799,Very Remote Australia
7000,Inner Regional Australia
7001,Remote Australia
7004,Inner Regional Australia
7005,Inner Regional Australia
7007,Inner Regional Australia
7008,Inner Regional Australia
7009,Inner Regional Australia
7010,Inner Regional Australia
7011,Inner Regional Australia
7012,Inner Regional Australia
7015,Inner Regional Australia
7016,Inner Regional Australia
7017,Inner Regional Australia
7017,Outer Regional Australia
7018,Inner Regional Australia
7019,Inner Regional Australia
7020,Inner Regional Australia
7020,Outer Regional Australia
7021,Inner Regional Australia
7022,Outer Regional Australia
7023,Outer Regional Australia
7024,Inner Regional Australia
7025,Inner Regional Australia
7025,Outer Regional Australia
7026,Outer Regional Australia
7027,Outer Regional Australia
7030,Inner Regional Australia
7030,Outer Regional Australia
7030,Remote Australia
7050,Inner Regional Australia
7052,Inner Regional Australia
7053,Inner Regional Australia
7054,Inner Regional Australia
7055,Inner Regional Australia
7109,Inner Regional Australia
7109,Outer Regional Australia
7112,Outer Regional Australia
7113,Outer Regional Australia
7116,Outer Regional Australia
7117,Outer Regional Australia
7119,Outer Regional Australia
7120,Outer Regional Australia
7139,Remote Australia
7140,Inner Regional Australia
7140,Outer Regional Australia
7140,Remote Australia
7150,Inner Regional Australia
7150,Outer Regional Australia
7155,Inner Regional Australia
7155,Outer Regional Australia
7162,Outer Regional Australia
7163,Outer Regional Australia
7170,Inner Regional Australia
7171,Inner Regional Australia
7172,Inner Regional Australia
7172,Outer Regional Australia
7173,Inner Regional Australia
7173,Outer Regional Australia
7174,Outer Regional Australia
7175,Outer Regional Australia
7176,Outer Regional Australia
7177,Outer Regional Australia
7178,Outer Regional Australia
7179,Outer Regional Australia
7180,Outer Regional Australia
7182,Outer Regional Australia
7183,Outer Regional Australia
7184,Outer Regional Australia
7185,Outer Regional Australia
7186,Outer Regional Australia
7187,Outer Regional Australia
7190,Outer Regional Australia
7190,Remote Australia
7209,Outer Regional Australia
7210,Outer Regional Australia
7211,Outer Regional Australia
7212,Inner Regional Australia
7212,Outer Regional Australia
7213,Outer Regional Australia
7214,Outer Regional Australia
7215,Outer Regional Australia
7215,Remote Australia
7216,Outer Regional Australia
7248,Inner Regional Australia
7249,Inner Regional Australia
7250,Inner Regional Australia
7252,Inner Regional Australia
7252,Outer Regional Australia
7253,Outer Regional Australia
7254,Outer Regional Australia
7255,Very Remote Australia
7256,Very Remote Australia
7257,Very Remote Australia
7258,Inner Regional Australia
7258,Outer Regional Australia
7259,Outer Regional Australia
7260,Outer Regional Australia
7261,Outer Regional Australia
7262,Outer Regional Australia
7263,Outer Regional Australia
7264,Outer Regional Australia
7265,Outer Regional Australia
7267,Inner Regional Australia
7267,Outer Regional Australia
7268,Inner Regional Australia
7268,Outer Regional Australia
7270,Outer Regional Australia
7275,Inner Regional Australia
7275,Outer Regional Australia
7276,Outer Regional Australia
7277,Inner Regional Australia
7290,Inner Regional Australia
7291,Inner Regional Australia
7292,Inner Regional Australia
7292,Outer Regional Australia
7300,Inner Regional Australia
7300,Outer Regional Australia
7301,Inner Regional Australia
7301,Outer Regional Australia
7302,Outer Regional Australia
7303,Inner Regional Australia
7303,Outer Regional Australia
7304,Outer Regional Australia
7304,Remote Australia
7305,Outer Regional Australia
7306,Outer Regional Australia
7307,Inner Regional Australia
7307,Outer Regional Australia
7310,Inner Regional Australia
7310,Outer Regional Australia
7315,Outer Regional Australia
7316,Outer Regional Australia
7320,Outer Regional Australia
7321,Outer Regional Australia
7321,Remote Australia
7322,Outer Regional Australia
7325,Outer Regional Australia
7330,Outer Regional Australia
7330,Remote Australia
7331,Outer Regional Australia
7466,Remote Australia
7467,Remote Australia
7468,Remote Australia
7469,Outer Regional Australia
7469,Remote Australia
7470,Remote Australia
8005,Major Cities of Australia
